config_id,axis,label,N,J,K,A,D_min,D_max,regime,group,phase,seed,peak_rss_bytes,peak_rss_mib,dense_block_table_bytes,dense_copies_live_in_this_group,batched_stack_bytes_worst_class,alpha_chart_bytes,batched_alpha_r_bytes,fast_cumulative_bytes,predicted_arrays_total_bytes,predicted_process_rss_bytes,projected_banded_bytes_NOT_IMPLEMENTED,projected_banded_saving_ratio_NOT_IMPLEMENTED,swap_used_mb
A_full/N16_J128_K10_A10_D12_full_s20260822,A_full,A_full_10,16,128,10,10,3,12,full,build,main,20260822,210964480,201.19,21135360,1,21135360,165120,330240,1935360,44701440,275388160,1612800,13.104761904761904,1555.38
A_full/N16_J128_K10_A10_D12_full_s20260822,A_full,A_full_10,16,128,10,10,3,12,full,cond,main,20260822,348467200,332.32,21135360,2,21135360,165120,330240,1935360,65836800,296523520,1612800,13.104761904761904,1555.38
A_full/N16_J128_K10_A10_D12_full_s20260822,A_full,A_full_10,16,128,10,10,3,12,full,marg,main,20260822,343068672,327.18,21135360,2,21135360,165120,330240,1935360,65836800,296523520,1612800,13.104761904761904,1555.38
A_full/N16_J128_K10_A10_D12_full_s20260822,A_full,A_full_10,16,128,10,10,3,12,full,primitives,main,20260822,217104384,207.05,21135360,1,21135360,165120,330240,1935360,44701440,275388160,1612800,13.104761904761904,1555.38
A_full/N16_J128_K10_A20_D12_full_s20260822,A_full,A_full_20,16,128,10,20,3,12,full,build,main,20260822,229216256,218.6,21135360,1,21135360,165120,330240,1935360,44701440,275388160,1612800,13.104761904761904,1539.38
A_full/N16_J128_K10_A20_D12_full_s20260822,A_full,A_full_20,16,128,10,20,3,12,full,cond,main,20260822,395321344,377.01,21135360,2,21135360,165120,330240,1935360,65836800,296523520,1612800,13.104761904761904,1539.38
A_full/N16_J128_K10_A20_D12_full_s20260822,A_full,A_full_20,16,128,10,20,3,12,full,marg,main,20260822,374759424,357.4,21135360,2,21135360,165120,330240,1935360,65836800,296523520,1612800,13.104761904761904,1539.38
A_full/N16_J128_K10_A20_D12_full_s20260822,A_full,A_full_20,16,128,10,20,3,12,full,primitives,main,20260822,238080000,227.05,21135360,1,21135360,165120,330240,1935360,44701440,275388160,1612800,13.104761904761904,1539.38
A_full/N16_J128_K10_A30_D12_full_s20260822,A_full,A_full_30,16,128,10,30,3,12,full,build,main,20260822,242827264,231.58,21135360,1,21135360,165120,330240,1935360,44701440,275388160,1612800,13.104761904761904,1531.38
A_full/N16_J128_K10_A30_D12_full_s20260822,A_full,A_full_30,16,128,10,30,3,12,full,cond,main,20260822,374419456,357.07,21135360,2,21135360,165120,330240,1935360,65836800,296523520,1612800,13.104761904761904,1531.38
A_full/N16_J128_K10_A30_D12_full_s20260822,A_full,A_full_30,16,128,10,30,3,12,full,marg,main,20260822,387125248,369.19,21135360,2,21135360,165120,330240,1935360,65836800,296523520,1612800,13.104761904761904,1531.38
A_full/N16_J128_K10_A30_D12_full_s20260822,A_full,A_full_30,16,128,10,30,3,12,full,primitives,main,20260822,251449344,239.8,21135360,1,21135360,165120,330240,1935360,44701440,275388160,1612800,13.104761904761904,1531.38
A_full/N16_J128_K10_A50_D12_full_s20260822,A_full,A_full_50,16,128,10,50,3,12,full,build,main,20260822,205107200,195.61,21135360,1,21135360,165120,330240,1935360,44701440,275388160,1612800,13.104761904761904,1531.38
A_full/N16_J128_K10_A50_D12_full_s20260822,A_full,A_full_50,16,128,10,50,3,12,full,cond,main,20260822,344920064,328.94,21135360,2,21135360,165120,330240,1935360,65836800,296523520,1612800,13.104761904761904,1531.38
A_full/N16_J128_K10_A50_D12_full_s20260822,A_full,A_full_50,16,128,10,50,3,12,full,marg,main,20260822,335781888,320.23,21135360,2,21135360,165120,330240,1935360,65836800,296523520,1612800,13.104761904761904,1531.38
A_full/N16_J128_K10_A50_D12_full_s20260822,A_full,A_full_50,16,128,10,50,3,12,full,primitives,main,20260822,220102656,209.91,21135360,1,21135360,165120,330240,1935360,44701440,275388160,1612800,13.104761904761904,1531.38
A_full/N16_J128_K10_A5_D12_full_s20260822,A_full,A_full_5,16,128,10,5,3,12,full,build,main,20260822,161812480,154.32,21135360,1,21135360,165120,330240,1935360,44701440,275388160,1612800,13.104761904761904,1563.38
A_full/N16_J128_K10_A5_D12_full_s20260822,A_full,A_full_5,16,128,10,5,3,12,full,cond,main,20260822,316751872,302.08,21135360,2,21135360,165120,330240,1935360,65836800,296523520,1612800,13.104761904761904,1563.38
A_full/N16_J128_K10_A5_D12_full_s20260822,A_full,A_full_5,16,128,10,5,3,12,full,marg,main,20260822,363061248,346.24,21135360,2,21135360,165120,330240,1935360,65836800,296523520,1612800,13.104761904761904,1563.38
A_full/N16_J128_K10_A5_D12_full_s20260822,A_full,A_full_5,16,128,10,5,3,12,full,primitives,main,20260822,171094016,163.17,21135360,1,21135360,165120,330240,1935360,44701440,275388160,1612800,13.104761904761904,1563.38
A_sparse/N16_J128_K10_A10_D12_sparse_s20260822,A_sparse,A_sparse_10,16,128,10,10,3,12,sparse,build,main,20260822,207020032,197.43,21135360,1,21135360,165120,330240,1935360,44701440,275388160,1612800,13.104761904761904,1555.38
A_sparse/N16_J128_K10_A10_D12_sparse_s20260822,A_sparse,A_sparse_10,16,128,10,10,3,12,sparse,cond,main,20260822,365694976,348.75,21135360,2,21135360,165120,330240,1935360,65836800,296523520,1612800,13.104761904761904,1555.38
A_sparse/N16_J128_K10_A10_D12_sparse_s20260822,A_sparse,A_sparse_10,16,128,10,10,3,12,sparse,marg,main,20260822,330874880,315.55,21135360,2,21135360,165120,330240,1935360,65836800,296523520,1612800,13.104761904761904,1555.38
A_sparse/N16_J128_K10_A10_D12_sparse_s20260822,A_sparse,A_sparse_10,16,128,10,10,3,12,sparse,primitives,main,20260822,215482368,205.5,21135360,1,21135360,165120,330240,1935360,44701440,275388160,1612800,13.104761904761904,1555.38
A_sparse/N16_J128_K10_A20_D12_sparse_s20260822,A_sparse,A_sparse_20,16,128,10,20,3,12,sparse,build,main,20260822,229470208,218.84,21135360,1,21135360,165120,330240,1935360,44701440,275388160,1612800,13.104761904761904,1539.38
A_sparse/N16_J128_K10_A20_D12_sparse_s20260822,A_sparse,A_sparse_20,16,128,10,20,3,12,sparse,cond,main,20260822,367964160,350.92,21135360,2,21135360,165120,330240,1935360,65836800,296523520,1612800,13.104761904761904,1539.38
A_sparse/N16_J128_K10_A20_D12_sparse_s20260822,A_sparse,A_sparse_20,16,128,10,20,3,12,sparse,marg,main,20260822,370028544,352.89,21135360,2,21135360,165120,330240,1935360,65836800,296523520,1612800,13.104761904761904,1539.38
A_sparse/N16_J128_K10_A20_D12_sparse_s20260822,A_sparse,A_sparse_20,16,128,10,20,3,12,sparse,primitives,main,20260822,232292352,221.53,21135360,1,21135360,165120,330240,1935360,44701440,275388160,1612800,13.104761904761904,1539.38
A_sparse/N16_J128_K10_A30_D12_sparse_s20260822,A_sparse,A_sparse_30,16,128,10,30,3,12,sparse,build,main,20260822,245854208,234.46,21135360,1,21135360,165120,330240,1935360,44701440,275388160,1612800,13.104761904761904,1531.38
A_sparse/N16_J128_K10_A30_D12_sparse_s20260822,A_sparse,A_sparse_30,16,128,10,30,3,12,sparse,cond,main,20260822,382767104,365.04,21135360,2,21135360,165120,330240,1935360,65836800,296523520,1612800,13.104761904761904,1531.38
A_sparse/N16_J128_K10_A30_D12_sparse_s20260822,A_sparse,A_sparse_30,16,128,10,30,3,12,sparse,marg,main,20260822,392957952,374.75,21135360,2,21135360,165120,330240,1935360,65836800,296523520,1612800,13.104761904761904,1531.38
A_sparse/N16_J128_K10_A30_D12_sparse_s20260822,A_sparse,A_sparse_30,16,128,10,30,3,12,sparse,primitives,main,20260822,256552960,244.67,21135360,1,21135360,165120,330240,1935360,44701440,275388160,1612800,13.104761904761904,1531.38
A_sparse/N16_J128_K10_A50_D12_sparse_s20260822,A_sparse,A_sparse_50,16,128,10,50,3,12,sparse,build,main,20260822,201703424,192.36,21135360,1,21135360,165120,330240,1935360,44701440,275388160,1612800,13.104761904761904,1531.38
A_sparse/N16_J128_K10_A50_D12_sparse_s20260822,A_sparse,A_sparse_50,16,128,10,50,3,12,sparse,cond,main,20260822,326811648,311.67,21135360,2,21135360,165120,330240,1935360,65836800,296523520,1612800,13.104761904761904,1531.38
A_sparse/N16_J128_K10_A50_D12_sparse_s20260822,A_sparse,A_sparse_50,16,128,10,50,3,12,sparse,marg,main,20260822,334057472,318.58,21135360,2,21135360,165120,330240,1935360,65836800,296523520,1612800,13.104761904761904,1531.38
A_sparse/N16_J128_K10_A50_D12_sparse_s20260822,A_sparse,A_sparse_50,16,128,10,50,3,12,sparse,primitives,main,20260822,220426240,210.21,21135360,1,21135360,165120,330240,1935360,44701440,275388160,1612800,13.104761904761904,1531.38
A_sparse/N16_J128_K10_A5_D12_sparse_s20260822,A_sparse,A_sparse_5,16,128,10,5,3,12,sparse,build,main,20260822,154120192,146.98,21135360,1,21135360,165120,330240,1935360,44701440,275388160,1612800,13.104761904761904,1563.38
A_sparse/N16_J128_K10_A5_D12_sparse_s20260822,A_sparse,A_sparse_5,16,128,10,5,3,12,sparse,cond,main,20260822,365391872,348.46,21135360,2,21135360,165120,330240,1935360,65836800,296523520,1612800,13.104761904761904,1563.38
A_sparse/N16_J128_K10_A5_D12_sparse_s20260822,A_sparse,A_sparse_5,16,128,10,5,3,12,sparse,marg,main,20260822,341192704,325.39,21135360,2,21135360,165120,330240,1935360,65836800,296523520,1612800,13.104761904761904,1563.38
A_sparse/N16_J128_K10_A5_D12_sparse_s20260822,A_sparse,A_sparse_5,16,128,10,5,3,12,sparse,primitives,main,20260822,171864064,163.9,21135360,1,21135360,165120,330240,1935360,44701440,275388160,1612800,13.104761904761904,1563.38
D/N16_J192_K10_A20_D12_full_s20260822,D,D_12,16,192,10,20,3,12,full,build,main,20260822,295100416,281.43,47431680,1,47431680,247040,494080,2918400,98522880,329209600,2432000,19.50315789473684,1555.38
D/N16_J192_K10_A20_D12_full_s20260822,D,D_12,16,192,10,20,3,12,full,cond,main,20260822,542031872,516.92,47431680,2,47431680,247040,494080,2918400,145954560,376641280,2432000,19.50315789473684,1563.38
D/N16_J192_K10_A20_D12_full_s20260822,D,D_12,16,192,10,20,3,12,full,marg,main,20260822,597491712,569.81,47431680,2,47431680,247040,494080,2918400,145954560,376641280,2432000,19.50315789473684,1555.38
D/N16_J192_K10_A20_D12_full_s20260822,D,D_12,16,192,10,20,3,12,full,primitives,main,20260822,328888320,313.65,47431680,1,47431680,247040,494080,2918400,98522880,329209600,2432000,19.50315789473684,1555.38
D/N16_J192_K10_A20_D24_full_s20260822,D,D_24,16,192,10,20,3,24,full,build,main,20260822,330776576,315.45,47431680,1,47431680,247040,494080,5836800,101441280,332128000,5350400,8.865071770334929,1539.38
D/N16_J192_K10_A20_D24_full_s20260822,D,D_24,16,192,10,20,3,24,full,cond,main,20260822,675012608,643.74,47431680,2,47431680,247040,494080,5836800,148872960,379559680,5350400,8.865071770334929,1539.38
D/N16_J192_K10_A20_D24_full_s20260822,D,D_24,16,192,10,20,3,24,full,marg,main,20260822,666193920,635.33,47431680,2,47431680,247040,494080,5836800,148872960,379559680,5350400,8.865071770334929,1539.38
D/N16_J192_K10_A20_D24_full_s20260822,D,D_24,16,192,10,20,3,24,full,primitives,main,20260822,363315200,346.48,47431680,1,47431680,247040,494080,5836800,101441280,332128000,5350400,8.865071770334929,1539.38
D/N16_J192_K10_A20_D48_full_s20260822,D,D_48,16,192,10,20,3,48,full,build,main,20260822,369692672,352.57,47431680,1,47431680,247040,494080,11673600,107278080,337964800,11187200,4.239816933638444,1539.38
D/N16_J192_K10_A20_D48_full_s20260822,D,D_48,16,192,10,20,3,48,full,cond,main,20260822,793489408,756.73,47431680,2,47431680,247040,494080,11673600,154709760,385396480,11187200,4.239816933638444,1539.38
D/N16_J192_K10_A20_D48_full_s20260822,D,D_48,16,192,10,20,3,48,full,marg,main,20260822,851419136,811.98,47431680,2,47431680,247040,494080,11673600,154709760,385396480,11187200,4.239816933638444,1531.38
D/N16_J192_K10_A20_D48_full_s20260822,D,D_48,16,192,10,20,3,48,full,primitives,main,20260822,402636800,383.98,47431680,1,47431680,247040,494080,11673600,107278080,337964800,11187200,4.239816933638444,1539.38
D/N16_J192_K10_A20_D6_full_s20260822,D,D_6,16,192,10,20,3,6,full,build,main,20260822,235446272,224.54,47431680,1,47431680,247040,494080,1459200,97063680,327750400,972800,48.757894736842104,1563.38
D/N16_J192_K10_A20_D6_full_s20260822,D,D_6,16,192,10,20,3,6,full,cond,main,20260822,471674880,449.82,47431680,2,47431680,247040,494080,1459200,144495360,375182080,972800,48.757894736842104,1563.38
D/N16_J192_K10_A20_D6_full_s20260822,D,D_6,16,192,10,20,3,6,full,marg,main,20260822,472039424,450.17,47431680,2,47431680,247040,494080,1459200,144495360,375182080,972800,48.757894736842104,1563.38
D/N16_J192_K10_A20_D6_full_s20260822,D,D_6,16,192,10,20,3,6,full,primitives,main,20260822,251060224,239.43,47431680,1,47431680,247040,494080,1459200,97063680,327750400,972800,48.757894736842104,1563.38
D/N16_J192_K10_A20_D96_full_s20260822,D,D_96,16,192,10,20,3,96,full,build,main,20260822,402935808,384.27,47431680,1,47431680,247040,494080,23347200,118951680,349638400,22860800,2.0748040313549834,1531.38
D/N16_J192_K10_A20_D96_full_s20260822,D,D_96,16,192,10,20,3,96,full,cond,main,20260822,1152884736,1099.48,47431680,2,47431680,247040,494080,23347200,166383360,397070080,22860800,2.0748040313549834,1531.38
D/N16_J192_K10_A20_D96_full_s20260822,D,D_96,16,192,10,20,3,96,full,marg,main,20260822,1241485312,1183.97,47431680,2,47431680,247040,494080,23347200,166383360,397070080,22860800,2.0748040313549834,1531.38
D/N16_J192_K10_A20_D96_full_s20260822,D,D_96,16,192,10,20,3,96,full,primitives,main,20260822,442499072,422.0,47431680,1,47431680,247040,494080,23347200,118951680,349638400,22860800,2.0748040313549834,1531.38
J/N16_J1024_K10_A20_D12_full_s20260822,J,J_1024,16,1024,10,20,3,12,full,build,main,20260822,1685884928,1607.79,1343488000,1,1343488000,1312000,2624000,15697920,2706609920,2937296640,13081600,102.70058708414872,1531.38
J/N16_J1024_K10_A20_D12_full_s20260822,J,J_1024,16,1024,10,20,3,12,full,cond,main,20260822,4995375104,4763.96,1343488000,2,1343488000,1312000,2624000,15697920,4050097920,4280784640,13081600,102.70058708414872,1531.38
J/N16_J1024_K10_A20_D12_full_s20260822,J,J_1024,16,1024,10,20,3,12,full,marg,main,20260822,5131534336,4893.81,1343488000,2,1343488000,1312000,2624000,15697920,4050097920,4280784640,13081600,102.70058708414872,1531.38
J/N16_J1024_K10_A20_D12_full_s20260822,J,J_1024,16,1024,10,20,3,12,full,primitives,main,20260822,3023478784,2883.41,1343488000,1,1343488000,1312000,2624000,15697920,2706609920,2937296640,13081600,102.70058708414872,1531.38
J/N16_J192_K10_A20_D12_full_s20260822,J,J_192,16,192,10,20,3,12,full,build,main,20260822,272707584,260.07,47431680,1,47431680,247040,494080,2918400,98522880,329209600,2432000,19.50315789473684,1563.38
J/N16_J192_K10_A20_D12_full_s20260822,J,J_192,16,192,10,20,3,12,full,cond,main,20260822,578506752,551.71,47431680,2,47431680,247040,494080,2918400,145954560,376641280,2432000,19.50315789473684,1563.38
J/N16_J192_K10_A20_D12_full_s20260822,J,J_192,16,192,10,20,3,12,full,marg,main,20260822,586346496,559.18,47431680,2,47431680,247040,494080,2918400,145954560,376641280,2432000,19.50315789473684,1563.38
J/N16_J192_K10_A20_D12_full_s20260822,J,J_192,16,192,10,20,3,12,full,primitives,main,20260822,274100224,261.4,47431680,1,47431680,247040,494080,2918400,98522880,329209600,2432000,19.50315789473684,1563.38
J/N16_J24_K10_A20_D12_full_s20260822,J,J_24,16,24,10,20,3,12,full,build,main,20260822,120823808,115.23,768000,1,768000,32000,64000,337920,1969920,232656640,281600,2.727272727272727,1563.38
J/N16_J24_K10_A20_D12_full_s20260822,J,J_24,16,24,10,20,3,12,full,cond,main,20260822,131846144,125.74,768000,2,768000,32000,64000,337920,2737920,233424640,281600,2.727272727272727,1563.38
J/N16_J24_K10_A20_D12_full_s20260822,J,J_24,16,24,10,20,3,12,full,marg,main,20260822,131493888,125.4,768000,2,768000,32000,64000,337920,2737920,233424640,281600,2.727272727272727,1563.38
J/N16_J24_K10_A20_D12_full_s20260822,J,J_24,16,24,10,20,3,12,full,primitives,main,20260822,116264960,110.88,768000,1,768000,32000,64000,337920,1969920,232656640,281600,2.727272727272727,1563.38
J/N16_J384_K10_A20_D12_full_s20260822,J,J_384,16,384,10,20,3,12,full,build,main,20260822,549912576,524.44,189235200,1,189235200,492800,985600,5867520,385816320,616503040,4889600,38.70157068062827,1531.38
J/N16_J384_K10_A20_D12_full_s20260822,J,J_384,16,384,10,20,3,12,full,cond,main,20260822,1525649408,1454.97,189235200,2,189235200,492800,985600,5867520,575051520,805738240,4889600,38.70157068062827,1563.38
J/N16_J384_K10_A20_D12_full_s20260822,J,J_384,16,384,10,20,3,12,full,marg,main,20260822,1462407168,1394.66,189235200,2,189235200,492800,985600,5867520,575051520,805738240,4889600,38.70157068062827,1531.38
J/N16_J384_K10_A20_D12_full_s20260822,J,J_384,16,384,10,20,3,12,full,primitives,main,20260822,642535424,612.77,189235200,1,189235200,492800,985600,5867520,385816320,616503040,4889600,38.70157068062827,1563.38
J/N16_J48_K10_A20_D12_full_s20260822,J,J_48,16,48,10,20,3,12,full,build,main,20260822,141795328,135.23,3010560,1,3010560,62720,125440,706560,6915840,237602560,588800,5.113043478260869,1563.38
J/N16_J48_K10_A20_D12_full_s20260822,J,J_48,16,48,10,20,3,12,full,cond,main,20260822,171642880,163.69,3010560,2,3010560,62720,125440,706560,9926400,240613120,588800,5.113043478260869,1563.38
J/N16_J48_K10_A20_D12_full_s20260822,J,J_48,16,48,10,20,3,12,full,marg,main,20260822,172453888,164.46,3010560,2,3010560,62720,125440,706560,9926400,240613120,588800,5.113043478260869,1563.38
J/N16_J48_K10_A20_D12_full_s20260822,J,J_48,16,48,10,20,3,12,full,primitives,main,20260822,138063872,131.67,3010560,1,3010560,62720,125440,706560,6915840,237602560,588800,5.113043478260869,1563.38
J/N16_J768_K10_A20_D12_full_s20260822,J,J_768,16,768,10,20,3,12,full,build,main,20260822,1041154048,992.92,755957760,1,755957760,984320,1968640,11765760,1526634240,1757320960,9804800,77.10078328981723,1531.38
J/N16_J768_K10_A20_D12_full_s20260822,J,J_768,16,768,10,20,3,12,full,cond,main,20260822,3637415936,3468.91,755957760,2,755957760,984320,1968640,11765760,2282592000,2513278720,9804800,77.10078328981723,1531.38
J/N16_J768_K10_A20_D12_full_s20260822,J,J_768,16,768,10,20,3,12,full,marg,main,20260822,4429135872,4223.95,755957760,2,755957760,984320,1968640,11765760,2282592000,2513278720,9804800,77.10078328981723,1531.38
J/N16_J768_K10_A20_D12_full_s20260822,J,J_768,16,768,10,20,3,12,full,primitives,main,20260822,1794965504,1711.81,755957760,1,755957760,984320,1968640,11765760,1526634240,1757320960,9804800,77.10078328981723,1531.38
J/N16_J96_K10_A20_D12_full_s20260822,J,J_96,16,96,10,20,3,12,full,build,main,20260822,180969472,172.59,11919360,1,11919360,124160,248320,1443840,25655040,256341760,1203200,9.906382978723403,1563.38
J/N16_J96_K10_A20_D12_full_s20260822,J,J_96,16,96,10,20,3,12,full,cond,main,20260822,266051584,253.73,11919360,2,11919360,124160,248320,1443840,37574400,268261120,1203200,9.906382978723403,1563.38
J/N16_J96_K10_A20_D12_full_s20260822,J,J_96,16,96,10,20,3,12,full,marg,main,20260822,276004864,263.22,11919360,2,11919360,124160,248320,1443840,37574400,268261120,1203200,9.906382978723403,1563.38
J/N16_J96_K10_A20_D12_full_s20260822,J,J_96,16,96,10,20,3,12,full,primitives,main,20260822,168267776,160.47,11919360,1,11919360,124160,248320,1443840,25655040,256341760,1203200,9.906382978723403,1563.38
K/N32_J128_K10_A20_D12_full_s20260822,K,K_10,32,128,10,20,3,12,full,build,main,20260822,342110208,326.26,42270720,1,42270720,330240,660480,3870720,89402880,320089600,3225600,13.104761904761904,1539.38
K/N32_J128_K10_A20_D12_full_s20260822,K,K_10,32,128,10,20,3,12,full,cond,main,20260822,595898368,568.29,42270720,2,42270720,330240,660480,3870720,131673600,362360320,3225600,13.104761904761904,1539.38
K/N32_J128_K10_A20_D12_full_s20260822,K,K_10,32,128,10,20,3,12,full,marg,main,20260822,588914688,561.63,42270720,2,42270720,330240,660480,3870720,131673600,362360320,3225600,13.104761904761904,1539.38
K/N32_J128_K10_A20_D12_full_s20260822,K,K_10,32,128,10,20,3,12,full,primitives,main,20260822,356806656,340.28,42270720,1,42270720,330240,660480,3870720,89402880,320089600,3225600,13.104761904761904,1539.38
K/N32_J128_K20_A20_D12_full_s20260822,K,K_20,32,128,20,20,3,12,full,build,main,20260822,398544896,380.08,84541440,1,84541440,660480,1320960,7741440,178805760,409492480,6451200,13.104761904761904,1539.38
K/N32_J128_K20_A20_D12_full_s20260822,K,K_20,32,128,20,20,3,12,full,cond,main,20260822,899633152,857.96,84541440,2,84541440,660480,1320960,7741440,263347200,494033920,6451200,13.104761904761904,1539.38
K/N32_J128_K20_A20_D12_full_s20260822,K,K_20,32,128,20,20,3,12,full,marg,main,20260822,924311552,881.49,84541440,2,84541440,660480,1320960,7741440,263347200,494033920,6451200,13.104761904761904,1539.38
K/N32_J128_K20_A20_D12_full_s20260822,K,K_20,32,128,20,20,3,12,full,primitives,main,20260822,464846848,443.31,84541440,1,84541440,660480,1320960,7741440,178805760,409492480,6451200,13.104761904761904,1539.38
K/N32_J128_K3_A20_D12_full_s20260822,K,K_3,32,128,3,20,3,12,full,build,main,20260822,222900224,212.57,12681216,1,12681216,99072,198144,1161216,26820864,257507584,967680,13.104761904761904,1563.38
K/N32_J128_K3_A20_D12_full_s20260822,K,K_3,32,128,3,20,3,12,full,cond,main,20260822,314429440,299.86,12681216,2,12681216,99072,198144,1161216,39502080,270188800,967680,13.104761904761904,1563.38
K/N32_J128_K3_A20_D12_full_s20260822,K,K_3,32,128,3,20,3,12,full,marg,main,20260822,311529472,297.1,12681216,2,12681216,99072,198144,1161216,39502080,270188800,967680,13.104761904761904,1563.38
K/N32_J128_K3_A20_D12_full_s20260822,K,K_3,32,128,3,20,3,12,full,primitives,main,20260822,200343552,191.06,12681216,1,12681216,99072,198144,1161216,26820864,257507584,967680,13.104761904761904,1563.38
K/N32_J128_K40_A20_D12_full_s20260822,K,K_40,32,128,40,20,3,12,full,build,main,20260822,509415424,485.82,169082880,1,169082880,1320960,2641920,15482880,357611520,588298240,12902400,13.104761904761904,1531.38
K/N32_J128_K40_A20_D12_full_s20260822,K,K_40,32,128,40,20,3,12,full,cond,main,20260822,1575362560,1502.38,169082880,2,169082880,1320960,2641920,15482880,526694400,757381120,12902400,13.104761904761904,1531.38
K/N32_J128_K40_A20_D12_full_s20260822,K,K_40,32,128,40,20,3,12,full,marg,main,20260822,1595887616,1521.96,169082880,2,169082880,1320960,2641920,15482880,526694400,757381120,12902400,13.104761904761904,1531.38
K/N32_J128_K40_A20_D12_full_s20260822,K,K_40,32,128,40,20,3,12,full,primitives,main,20260822,642535424,612.77,169082880,1,169082880,1320960,2641920,15482880,357611520,588298240,12902400,13.104761904761904,1531.38
K/N32_J128_K5_A20_D12_full_s20260822,K,K_5,32,128,5,20,3,12,full,build,main,20260822,264278016,252.04,21135360,1,21135360,165120,330240,1935360,44701440,275388160,1612800,13.104761904761904,1563.38
K/N32_J128_K5_A20_D12_full_s20260822,K,K_5,32,128,5,20,3,12,full,cond,main,20260822,387940352,369.97,21135360,2,21135360,165120,330240,1935360,65836800,296523520,1612800,13.104761904761904,1563.38
K/N32_J128_K5_A20_D12_full_s20260822,K,K_5,32,128,5,20,3,12,full,marg,main,20260822,383283200,365.53,21135360,2,21135360,165120,330240,1935360,65836800,296523520,1612800,13.104761904761904,1563.38
K/N32_J128_K5_A20_D12_full_s20260822,K,K_5,32,128,5,20,3,12,full,primitives,main,20260822,244879360,233.54,21135360,1,21135360,165120,330240,1935360,44701440,275388160,1612800,13.104761904761904,1563.38
K/N32_J128_K80_A20_D12_full_s20260822,K,K_80,32,128,80,20,3,12,full,build,main,20260822,663113728,632.39,338165760,1,338165760,2641920,5283840,30965760,715223040,945909760,25804800,13.104761904761904,1531.38
K/N32_J128_K80_A20_D12_full_s20260822,K,K_80,32,128,80,20,3,12,full,cond,main,20260822,2408579072,2297.0,338165760,2,338165760,2641920,5283840,30965760,1053388800,1284075520,25804800,13.104761904761904,1531.38
K/N32_J128_K80_A20_D12_full_s20260822,K,K_80,32,128,80,20,3,12,full,marg,main,20260822,2414452736,2302.6,338165760,2,338165760,2641920,5283840,30965760,1053388800,1284075520,25804800,13.104761904761904,1531.38
K/N32_J128_K80_A20_D12_full_s20260822,K,K_80,32,128,80,20,3,12,full,primitives,main,20260822,996995072,950.81,338165760,1,338165760,2641920,5283840,30965760,715223040,945909760,25804800,13.104761904761904,1531.38
N/N128_J128_K10_A20_D12_full_s20260822,N,N_128,128,128,10,20,3,12,full,build,main,20260822,543047680,517.89,169082880,1,169082880,1320960,2641920,15482880,357611520,588298240,12902400,13.104761904761904,1531.38
N/N128_J128_K10_A20_D12_full_s20260822,N,N_128,128,128,10,20,3,12,full,cond,main,20260822,1569648640,1496.93,169082880,2,169082880,1320960,2641920,15482880,526694400,757381120,12902400,13.104761904761904,1531.38
N/N128_J128_K10_A20_D12_full_s20260822,N,N_128,128,128,10,20,3,12,full,marg,main,20260822,1571893248,1499.07,169082880,2,169082880,1320960,2641920,15482880,526694400,757381120,12902400,13.104761904761904,1531.38
N/N128_J128_K10_A20_D12_full_s20260822,N,N_128,128,128,10,20,3,12,full,primitives,main,20260822,692613120,660.53,169082880,1,169082880,1320960,2641920,15482880,357611520,588298240,12902400,13.104761904761904,1531.38
N/N16_J128_K10_A20_D12_full_s20260822,N,N_16,16,128,10,20,3,12,full,build,main,20260822,230117376,219.46,21135360,1,21135360,165120,330240,1935360,44701440,275388160,1612800,13.104761904761904,1539.38
N/N16_J128_K10_A20_D12_full_s20260822,N,N_16,16,128,10,20,3,12,full,cond,main,20260822,367587328,350.56,21135360,2,21135360,165120,330240,1935360,65836800,296523520,1612800,13.104761904761904,1539.38
N/N16_J128_K10_A20_D12_full_s20260822,N,N_16,16,128,10,20,3,12,full,marg,main,20260822,363544576,346.7,21135360,2,21135360,165120,330240,1935360,65836800,296523520,1612800,13.104761904761904,1539.38
N/N16_J128_K10_A20_D12_full_s20260822,N,N_16,16,128,10,20,3,12,full,primitives,main,20260822,240373760,229.24,21135360,1,21135360,165120,330240,1935360,44701440,275388160,1612800,13.104761904761904,1539.38
N/N1_J128_K10_A20_D12_full_s20260822,N,N_1,1,128,10,20,3,12,full,build,main,20260822,115326976,109.98,1320960,1,1320960,10320,20640,120960,2793840,233480560,100800,13.104761904761904,1563.38
N/N1_J128_K10_A20_D12_full_s20260822,N,N_1,1,128,10,20,3,12,full,cond,main,20260822,125997056,120.16,1320960,2,1320960,10320,20640,120960,4114800,234801520,100800,13.104761904761904,1563.38
N/N1_J128_K10_A20_D12_full_s20260822,N,N_1,1,128,10,20,3,12,full,marg,main,20260822,128225280,122.29,1320960,2,1320960,10320,20640,120960,4114800,234801520,100800,13.104761904761904,1563.38
N/N1_J128_K10_A20_D12_full_s20260822,N,N_1,1,128,10,20,3,12,full,primitives,main,20260822,118210560,112.73,1320960,1,1320960,10320,20640,120960,2793840,233480560,100800,13.104761904761904,1563.38
N/N256_J128_K10_A20_D12_full_s20260822,N,N_256,256,128,10,20,3,12,full,build,main,20260822,988561408,942.77,338165760,1,338165760,2641920,5283840,30965760,715223040,945909760,25804800,13.104761904761904,1523.38
N/N256_J128_K10_A20_D12_full_s20260822,N,N_256,256,128,10,20,3,12,full,cond,main,20260822,3061800960,2919.96,338165760,2,338165760,2641920,5283840,30965760,1053388800,1284075520,25804800,13.104761904761904,1523.38
N/N256_J128_K10_A20_D12_full_s20260822,N,N_256,256,128,10,20,3,12,full,marg,main,20260822,2955456512,2818.54,338165760,2,338165760,2641920,5283840,30965760,1053388800,1284075520,25804800,13.104761904761904,1523.38
N/N256_J128_K10_A20_D12_full_s20260822,N,N_256,256,128,10,20,3,12,full,primitives,main,20260822,1274040320,1215.02,338165760,1,338165760,2641920,5283840,30965760,715223040,945909760,25804800,13.104761904761904,1523.38
N/N32_J128_K10_A20_D12_full_s20260822,N,N_32,32,128,10,20,3,12,full,build,main,20260822,344641536,328.68,42270720,1,42270720,330240,660480,3870720,89402880,320089600,3225600,13.104761904761904,1539.38
N/N32_J128_K10_A20_D12_full_s20260822,N,N_32,32,128,10,20,3,12,full,cond,main,20260822,596692992,569.05,42270720,2,42270720,330240,660480,3870720,131673600,362360320,3225600,13.104761904761904,1539.38
N/N32_J128_K10_A20_D12_full_s20260822,N,N_32,32,128,10,20,3,12,full,marg,main,20260822,596488192,568.86,42270720,2,42270720,330240,660480,3870720,131673600,362360320,3225600,13.104761904761904,1539.38
N/N32_J128_K10_A20_D12_full_s20260822,N,N_32,32,128,10,20,3,12,full,primitives,main,20260822,357257216,340.71,42270720,1,42270720,330240,660480,3870720,89402880,320089600,3225600,13.104761904761904,1539.38
N/N64_J128_K10_A20_D12_full_s20260822,N,N_64,64,128,10,20,3,12,full,build,main,20260822,385650688,367.79,84541440,1,84541440,660480,1320960,7741440,178805760,409492480,6451200,13.104761904761904,1531.38
N/N64_J128_K10_A20_D12_full_s20260822,N,N_64,64,128,10,20,3,12,full,cond,main,20260822,1014845440,967.83,84541440,2,84541440,660480,1320960,7741440,263347200,494033920,6451200,13.104761904761904,1531.38
N/N64_J128_K10_A20_D12_full_s20260822,N,N_64,64,128,10,20,3,12,full,marg,main,20260822,1078431744,1028.47,84541440,2,84541440,660480,1320960,7741440,263347200,494033920,6451200,13.104761904761904,1531.38
N/N64_J128_K10_A20_D12_full_s20260822,N,N_64,64,128,10,20,3,12,full,primitives,main,20260822,408559616,389.63,84541440,1,84541440,660480,1320960,7741440,178805760,409492480,6451200,13.104761904761904,1531.38
N/N8_J128_K10_A20_D12_full_s20260822,N,N_8,8,128,10,20,3,12,full,build,main,20260822,161390592,153.91,10567680,1,10567680,82560,165120,967680,22350720,253037440,806400,13.104761904761904,1563.38
N/N8_J128_K10_A20_D12_full_s20260822,N,N_8,8,128,10,20,3,12,full,cond,main,20260822,245399552,234.03,10567680,2,10567680,82560,165120,967680,32918400,263605120,806400,13.104761904761904,1563.38
N/N8_J128_K10_A20_D12_full_s20260822,N,N_8,8,128,10,20,3,12,full,marg,main,20260822,240562176,229.42,10567680,2,10567680,82560,165120,967680,32918400,263605120,806400,13.104761904761904,1563.38
N/N8_J128_K10_A20_D12_full_s20260822,N,N_8,8,128,10,20,3,12,full,primitives,main,20260822,159141888,151.77,10567680,1,10567680,82560,165120,967680,22350720,253037440,806400,13.104761904761904,1563.38
baseline/N100_J48_K3_A5_D12_full_s20260822,baseline,baseline_matched_scale,100,48,3,5,3,12,full,build,main,20260822,167333888,159.58,3388800,1,1411200,88800,58800,979200,5926800,236613520,816000,4.152941176470589,1563.38
baseline/N100_J48_K3_A5_D12_full_s20260822,baseline,baseline_matched_scale,100,48,3,5,3,12,full,cond,main,20260822,195317760,186.27,3388800,2,1411200,88800,58800,979200,9315600,240002320,816000,4.152941176470589,1563.38
baseline/N100_J48_K3_A5_D12_full_s20260822,baseline,baseline_matched_scale,100,48,3,5,3,12,full,marg,main,20260822,199487488,190.25,3388800,2,1411200,88800,58800,979200,9315600,240002320,816000,4.152941176470589,1563.38
baseline/N100_J48_K3_A5_D12_full_s20260822,baseline,baseline_matched_scale,100,48,3,5,3,12,full,primitives,main,20260822,143425536,136.78,3388800,1,1411200,88800,58800,979200,5926800,236613520,816000,4.152941176470589,1563.38
optional_target_seed2/N100_J200_K20_A50_D12_sparse_s20260823,optional_target_seed2,optional_target_seed2,100,200,20,50,3,12,sparse,build,main,20260823,1629401088,1553.92,643200000,1,643200000,3216000,6432000,38016000,1334064000,1564750720,31680000,20.303030303030305,1523.38
target_long/N20_J500_K20_A50_D12_sparse_s20260822,target_long,target_long_J500_N20,20,500,20,50,3,12,sparse,build,main,20260822,1472860160,1404.63,801600000,1,801600000,1603200,3206400,19123200,1627132800,1857819520,15936000,50.30120481927711,1539.38
target_long/N20_J500_K20_A50_D12_sparse_s20260822,target_long,target_long_J500_N20,20,500,20,50,3,12,sparse,primitives,main,20260822,2230730752,2127.39,801600000,1,801600000,1603200,3206400,19123200,1627132800,1857819520,15936000,50.30120481927711,1539.38
target/N100_J200_K20_A50_D12_sparse_s20260822,target,target_operating_point,100,200,20,50,3,12,sparse,build,main,20260822,1785122816,1702.43,643200000,1,643200000,3216000,6432000,38016000,1334064000,1564750720,31680000,20.303030303030305,1563.38
target/N100_J200_K20_A50_D12_sparse_s20260822,target,target_operating_point,100,200,20,50,3,12,sparse,cond,main,20260822,3501580288,3339.37,643200000,2,643200000,3216000,6432000,38016000,1977264000,2207950720,31680000,20.303030303030305,1563.38
target/N100_J200_K20_A50_D12_sparse_s20260822,target,target_operating_point,100,200,20,50,3,12,sparse,marg,main,20260822,3925188608,3743.35,643200000,2,643200000,3216000,6432000,38016000,1977264000,2207950720,31680000,20.303030303030305,1563.38
target/N100_J200_K20_A50_D12_sparse_s20260822,target,target_operating_point,100,200,20,50,3,12,sparse,primitives,main,20260822,2304663552,2197.9,643200000,1,643200000,3216000,6432000,38016000,1334064000,1564750720,31680000,20.303030303030305,1563.38
target/N100_J200_K20_A50_D12_full_s20260822,target,target_operating_point_full_support,100,200,20,50,3,12,full,primitives,main,20260822,2317725696,2210.36,643200000,1,643200000,3216000,6432000,38016000,1334064000,1564750720,31680000,20.303030303030305,1555.38
A_full/N16_J128_K10_A10_D12_full_s20260822,A_full,A_full_10,16,128,10,10,3,12,full,build,quiet,20260822,168058880,160.27,21135360,1,21135360,165120,330240,1935360,44701440,275388160,1612800,13.104761904761904,1523.38
A_full/N16_J128_K10_A10_D12_full_s20260822,A_full,A_full_10,16,128,10,10,3,12,full,cond,quiet,20260822,315691008,301.07,21135360,2,21135360,165120,330240,1935360,65836800,296523520,1612800,13.104761904761904,1523.38
A_full/N16_J128_K10_A10_D12_full_s20260822,A_full,A_full_10,16,128,10,10,3,12,full,marg,quiet,20260822,292945920,279.38,21135360,2,21135360,165120,330240,1935360,65836800,296523520,1612800,13.104761904761904,1523.38
A_full/N16_J128_K10_A10_D12_full_s20260822,A_full,A_full_10,16,128,10,10,3,12,full,primitives,quiet,20260822,179351552,171.04,21135360,1,21135360,165120,330240,1935360,44701440,275388160,1612800,13.104761904761904,1523.38
A_full/N16_J128_K10_A20_D12_full_s20260822,A_full,A_full_20,16,128,10,20,3,12,full,build,quiet,20260822,182378496,173.93,21135360,1,21135360,165120,330240,1935360,44701440,275388160,1612800,13.104761904761904,1523.38
A_full/N16_J128_K10_A20_D12_full_s20260822,A_full,A_full_20,16,128,10,20,3,12,full,cond,quiet,20260822,318578688,303.82,21135360,2,21135360,165120,330240,1935360,65836800,296523520,1612800,13.104761904761904,1523.38
A_full/N16_J128_K10_A20_D12_full_s20260822,A_full,A_full_20,16,128,10,20,3,12,full,marg,quiet,20260822,346017792,329.99,21135360,2,21135360,165120,330240,1935360,65836800,296523520,1612800,13.104761904761904,1523.38
A_full/N16_J128_K10_A20_D12_full_s20260822,A_full,A_full_20,16,128,10,20,3,12,full,primitives,quiet,20260822,195571712,186.51,21135360,1,21135360,165120,330240,1935360,44701440,275388160,1612800,13.104761904761904,1523.38
A_full/N16_J128_K10_A30_D12_full_s20260822,A_full,A_full_30,16,128,10,30,3,12,full,build,quiet,20260822,186384384,177.75,21135360,1,21135360,165120,330240,1935360,44701440,275388160,1612800,13.104761904761904,1523.38
A_full/N16_J128_K10_A30_D12_full_s20260822,A_full,A_full_30,16,128,10,30,3,12,full,cond,quiet,20260822,315052032,300.46,21135360,2,21135360,165120,330240,1935360,65836800,296523520,1612800,13.104761904761904,1523.38
A_full/N16_J128_K10_A30_D12_full_s20260822,A_full,A_full_30,16,128,10,30,3,12,full,marg,quiet,20260822,330715136,315.39,21135360,2,21135360,165120,330240,1935360,65836800,296523520,1612800,13.104761904761904,1523.38
A_full/N16_J128_K10_A30_D12_full_s20260822,A_full,A_full_30,16,128,10,30,3,12,full,primitives,quiet,20260822,201535488,192.2,21135360,1,21135360,165120,330240,1935360,44701440,275388160,1612800,13.104761904761904,1523.38
A_full/N16_J128_K10_A50_D12_full_s20260822,A_full,A_full_50,16,128,10,50,3,12,full,build,quiet,20260822,204226560,194.77,21135360,1,21135360,165120,330240,1935360,44701440,275388160,1612800,13.104761904761904,1523.38
A_full/N16_J128_K10_A50_D12_full_s20260822,A_full,A_full_50,16,128,10,50,3,12,full,cond,quiet,20260822,333090816,317.66,21135360,2,21135360,165120,330240,1935360,65836800,296523520,1612800,13.104761904761904,1523.38
A_full/N16_J128_K10_A50_D12_full_s20260822,A_full,A_full_50,16,128,10,50,3,12,full,marg,quiet,20260822,350806016,334.55,21135360,2,21135360,165120,330240,1935360,65836800,296523520,1612800,13.104761904761904,1523.38
A_full/N16_J128_K10_A50_D12_full_s20260822,A_full,A_full_50,16,128,10,50,3,12,full,primitives,quiet,20260822,224522240,214.12,21135360,1,21135360,165120,330240,1935360,44701440,275388160,1612800,13.104761904761904,1523.38
A_full/N16_J128_K10_A5_D12_full_s20260822,A_full,A_full_5,16,128,10,5,3,12,full,build,quiet,20260822,158420992,151.08,21135360,1,21135360,165120,330240,1935360,44701440,275388160,1612800,13.104761904761904,1523.38
A_full/N16_J128_K10_A5_D12_full_s20260822,A_full,A_full_5,16,128,10,5,3,12,full,cond,quiet,20260822,329551872,314.29,21135360,2,21135360,165120,330240,1935360,65836800,296523520,1612800,13.104761904761904,1523.38
A_full/N16_J128_K10_A5_D12_full_s20260822,A_full,A_full_5,16,128,10,5,3,12,full,marg,quiet,20260822,327340032,312.18,21135360,2,21135360,165120,330240,1935360,65836800,296523520,1612800,13.104761904761904,1523.38
A_full/N16_J128_K10_A5_D12_full_s20260822,A_full,A_full_5,16,128,10,5,3,12,full,primitives,quiet,20260822,173142016,165.12,21135360,1,21135360,165120,330240,1935360,44701440,275388160,1612800,13.104761904761904,1523.38
A_sparse/N16_J128_K10_A10_D12_sparse_s20260822,A_sparse,A_sparse_10,16,128,10,10,3,12,sparse,build,quiet,20260822,166899712,159.17,21135360,1,21135360,165120,330240,1935360,44701440,275388160,1612800,13.104761904761904,1523.38
A_sparse/N16_J128_K10_A10_D12_sparse_s20260822,A_sparse,A_sparse_10,16,128,10,10,3,12,sparse,cond,quiet,20260822,338661376,322.97,21135360,2,21135360,165120,330240,1935360,65836800,296523520,1612800,13.104761904761904,1523.38
A_sparse/N16_J128_K10_A10_D12_sparse_s20260822,A_sparse,A_sparse_10,16,128,10,10,3,12,sparse,marg,quiet,20260822,325582848,310.5,21135360,2,21135360,165120,330240,1935360,65836800,296523520,1612800,13.104761904761904,1523.38
A_sparse/N16_J128_K10_A10_D12_sparse_s20260822,A_sparse,A_sparse_10,16,128,10,10,3,12,sparse,primitives,quiet,20260822,176676864,168.49,21135360,1,21135360,165120,330240,1935360,44701440,275388160,1612800,13.104761904761904,1523.38
A_sparse/N16_J128_K10_A20_D12_sparse_s20260822,A_sparse,A_sparse_20,16,128,10,20,3,12,sparse,build,quiet,20260822,181501952,173.09,21135360,1,21135360,165120,330240,1935360,44701440,275388160,1612800,13.104761904761904,1523.38
A_sparse/N16_J128_K10_A20_D12_sparse_s20260822,A_sparse,A_sparse_20,16,128,10,20,3,12,sparse,cond,quiet,20260822,329338880,314.08,21135360,2,21135360,165120,330240,1935360,65836800,296523520,1612800,13.104761904761904,1523.38
A_sparse/N16_J128_K10_A20_D12_sparse_s20260822,A_sparse,A_sparse_20,16,128,10,20,3,12,sparse,marg,quiet,20260822,328785920,313.55,21135360,2,21135360,165120,330240,1935360,65836800,296523520,1612800,13.104761904761904,1523.38
A_sparse/N16_J128_K10_A20_D12_sparse_s20260822,A_sparse,A_sparse_20,16,128,10,20,3,12,sparse,primitives,quiet,20260822,195121152,186.08,21135360,1,21135360,165120,330240,1935360,44701440,275388160,1612800,13.104761904761904,1523.38
A_sparse/N16_J128_K10_A30_D12_sparse_s20260822,A_sparse,A_sparse_30,16,128,10,30,3,12,sparse,build,quiet,20260822,186515456,177.88,21135360,1,21135360,165120,330240,1935360,44701440,275388160,1612800,13.104761904761904,1523.38
A_sparse/N16_J128_K10_A30_D12_sparse_s20260822,A_sparse,A_sparse_30,16,128,10,30,3,12,sparse,cond,quiet,20260822,310067200,295.7,21135360,2,21135360,165120,330240,1935360,65836800,296523520,1612800,13.104761904761904,1523.38
A_sparse/N16_J128_K10_A30_D12_sparse_s20260822,A_sparse,A_sparse_30,16,128,10,30,3,12,sparse,marg,quiet,20260822,336482304,320.89,21135360,2,21135360,165120,330240,1935360,65836800,296523520,1612800,13.104761904761904,1523.38
A_sparse/N16_J128_K10_A30_D12_sparse_s20260822,A_sparse,A_sparse_30,16,128,10,30,3,12,sparse,primitives,quiet,20260822,202526720,193.14,21135360,1,21135360,165120,330240,1935360,44701440,275388160,1612800,13.104761904761904,1523.38
A_sparse/N16_J128_K10_A50_D12_sparse_s20260822,A_sparse,A_sparse_50,16,128,10,50,3,12,sparse,build,quiet,20260822,203350016,193.93,21135360,1,21135360,165120,330240,1935360,44701440,275388160,1612800,13.104761904761904,1523.38
A_sparse/N16_J128_K10_A50_D12_sparse_s20260822,A_sparse,A_sparse_50,16,128,10,50,3,12,sparse,cond,quiet,20260822,364781568,347.88,21135360,2,21135360,165120,330240,1935360,65836800,296523520,1612800,13.104761904761904,1523.38
A_sparse/N16_J128_K10_A50_D12_sparse_s20260822,A_sparse,A_sparse_50,16,128,10,50,3,12,sparse,marg,quiet,20260822,320491520,305.64,21135360,2,21135360,165120,330240,1935360,65836800,296523520,1612800,13.104761904761904,1523.38
A_sparse/N16_J128_K10_A50_D12_sparse_s20260822,A_sparse,A_sparse_50,16,128,10,50,3,12,sparse,primitives,quiet,20260822,219439104,209.27,21135360,1,21135360,165120,330240,1935360,44701440,275388160,1612800,13.104761904761904,1523.38
A_sparse/N16_J128_K10_A5_D12_sparse_s20260822,A_sparse,A_sparse_5,16,128,10,5,3,12,sparse,build,quiet,20260822,154734592,147.57,21135360,1,21135360,165120,330240,1935360,44701440,275388160,1612800,13.104761904761904,1523.38
A_sparse/N16_J128_K10_A5_D12_sparse_s20260822,A_sparse,A_sparse_5,16,128,10,5,3,12,sparse,cond,quiet,20260822,288227328,274.88,21135360,2,21135360,165120,330240,1935360,65836800,296523520,1612800,13.104761904761904,1523.38
A_sparse/N16_J128_K10_A5_D12_sparse_s20260822,A_sparse,A_sparse_5,16,128,10,5,3,12,sparse,marg,quiet,20260822,319414272,304.62,21135360,2,21135360,165120,330240,1935360,65836800,296523520,1612800,13.104761904761904,1523.38
A_sparse/N16_J128_K10_A5_D12_sparse_s20260822,A_sparse,A_sparse_5,16,128,10,5,3,12,sparse,primitives,quiet,20260822,173875200,165.82,21135360,1,21135360,165120,330240,1935360,44701440,275388160,1612800,13.104761904761904,1523.38
D/N16_J192_K10_A20_D12_full_s20260822,D,D_12,16,192,10,20,3,12,full,build,quiet,20260822,232763392,221.98,47431680,1,47431680,247040,494080,2918400,98522880,329209600,2432000,19.50315789473684,1523.38
D/N16_J192_K10_A20_D12_full_s20260822,D,D_12,16,192,10,20,3,12,full,cond,quiet,20260822,496541696,473.54,47431680,2,47431680,247040,494080,2918400,145954560,376641280,2432000,19.50315789473684,1523.38
D/N16_J192_K10_A20_D12_full_s20260822,D,D_12,16,192,10,20,3,12,full,marg,quiet,20260822,555950080,530.2,47431680,2,47431680,247040,494080,2918400,145954560,376641280,2432000,19.50315789473684,1523.38
D/N16_J192_K10_A20_D12_full_s20260822,D,D_12,16,192,10,20,3,12,full,primitives,quiet,20260822,257916928,245.97,47431680,1,47431680,247040,494080,2918400,98522880,329209600,2432000,19.50315789473684,1523.38
D/N16_J192_K10_A20_D24_full_s20260822,D,D_24,16,192,10,20,3,24,full,build,quiet,20260822,261165056,249.07,47431680,1,47431680,247040,494080,5836800,101441280,332128000,5350400,8.865071770334929,1523.38
D/N16_J192_K10_A20_D24_full_s20260822,D,D_24,16,192,10,20,3,24,full,cond,quiet,20260822,637411328,607.88,47431680,2,47431680,247040,494080,5836800,148872960,379559680,5350400,8.865071770334929,1523.38
D/N16_J192_K10_A20_D24_full_s20260822,D,D_24,16,192,10,20,3,24,full,marg,quiet,20260822,691462144,659.43,47431680,2,47431680,247040,494080,5836800,148872960,379559680,5350400,8.865071770334929,1523.38
D/N16_J192_K10_A20_D24_full_s20260822,D,D_24,16,192,10,20,3,24,full,primitives,quiet,20260822,294809600,281.15,47431680,1,47431680,247040,494080,5836800,101441280,332128000,5350400,8.865071770334929,1523.38
D/N16_J192_K10_A20_D48_full_s20260822,D,D_48,16,192,10,20,3,48,full,build,quiet,20260822,306061312,291.88,47431680,1,47431680,247040,494080,11673600,107278080,337964800,11187200,4.239816933638444,1523.38
D/N16_J192_K10_A20_D48_full_s20260822,D,D_48,16,192,10,20,3,48,full,cond,quiet,20260822,854061056,814.5,47431680,2,47431680,247040,494080,11673600,154709760,385396480,11187200,4.239816933638444,1523.38
D/N16_J192_K10_A20_D48_full_s20260822,D,D_48,16,192,10,20,3,48,full,marg,quiet,20260822,870031360,829.73,47431680,2,47431680,247040,494080,11673600,154709760,385396480,11187200,4.239816933638444,1523.38
D/N16_J192_K10_A20_D48_full_s20260822,D,D_48,16,192,10,20,3,48,full,primitives,quiet,20260822,341794816,325.96,47431680,1,47431680,247040,494080,11673600,107278080,337964800,11187200,4.239816933638444,1523.38
D/N16_J192_K10_A20_D6_full_s20260822,D,D_6,16,192,10,20,3,6,full,build,quiet,20260822,215638016,205.65,47431680,1,47431680,247040,494080,1459200,97063680,327750400,972800,48.757894736842104,1523.38
D/N16_J192_K10_A20_D6_full_s20260822,D,D_6,16,192,10,20,3,6,full,cond,quiet,20260822,512237568,488.51,47431680,2,47431680,247040,494080,1459200,144495360,375182080,972800,48.757894736842104,1523.38
D/N16_J192_K10_A20_D6_full_s20260822,D,D_6,16,192,10,20,3,6,full,marg,quiet,20260822,559538176,533.62,47431680,2,47431680,247040,494080,1459200,144495360,375182080,972800,48.757894736842104,1523.38
D/N16_J192_K10_A20_D6_full_s20260822,D,D_6,16,192,10,20,3,6,full,primitives,quiet,20260822,243806208,232.51,47431680,1,47431680,247040,494080,1459200,97063680,327750400,972800,48.757894736842104,1523.38
D/N16_J192_K10_A20_D96_full_s20260822,D,D_96,16,192,10,20,3,96,full,build,quiet,20260822,413028352,393.89,47431680,1,47431680,247040,494080,23347200,118951680,349638400,22860800,2.0748040313549834,1523.38
D/N16_J192_K10_A20_D96_full_s20260822,D,D_96,16,192,10,20,3,96,full,cond,quiet,20260822,1133932544,1081.4,47431680,2,47431680,247040,494080,23347200,166383360,397070080,22860800,2.0748040313549834,1523.38
D/N16_J192_K10_A20_D96_full_s20260822,D,D_96,16,192,10,20,3,96,full,marg,quiet,20260822,1243475968,1185.87,47431680,2,47431680,247040,494080,23347200,166383360,397070080,22860800,2.0748040313549834,1523.38
D/N16_J192_K10_A20_D96_full_s20260822,D,D_96,16,192,10,20,3,96,full,primitives,quiet,20260822,440651776,420.24,47431680,1,47431680,247040,494080,23347200,118951680,349638400,22860800,2.0748040313549834,1523.38
J/N16_J1024_K10_A20_D12_full_s20260822,J,J_1024,16,1024,10,20,3,12,full,build,quiet,20260822,1693425664,1614.98,1343488000,1,1343488000,1312000,2624000,15697920,2706609920,2937296640,13081600,102.70058708414872,1523.38
J/N16_J1024_K10_A20_D12_full_s20260822,J,J_1024,16,1024,10,20,3,12,full,cond,quiet,20260822,4657180672,4441.43,1343488000,2,1343488000,1312000,2624000,15697920,4050097920,4280784640,13081600,102.70058708414872,1523.38
J/N16_J1024_K10_A20_D12_full_s20260822,J,J_1024,16,1024,10,20,3,12,full,marg,quiet,20260822,4757340160,4536.95,1343488000,2,1343488000,1312000,2624000,15697920,4050097920,4280784640,13081600,102.70058708414872,1523.38
J/N16_J1024_K10_A20_D12_full_s20260822,J,J_1024,16,1024,10,20,3,12,full,primitives,quiet,20260822,3023908864,2883.82,1343488000,1,1343488000,1312000,2624000,15697920,2706609920,2937296640,13081600,102.70058708414872,1523.38
J/N16_J192_K10_A20_D12_full_s20260822,J,J_192,16,192,10,20,3,12,full,build,quiet,20260822,232812544,222.03,47431680,1,47431680,247040,494080,2918400,98522880,329209600,2432000,19.50315789473684,1523.38
J/N16_J192_K10_A20_D12_full_s20260822,J,J_192,16,192,10,20,3,12,full,cond,quiet,20260822,485658624,463.16,47431680,2,47431680,247040,494080,2918400,145954560,376641280,2432000,19.50315789473684,1523.38
J/N16_J192_K10_A20_D12_full_s20260822,J,J_192,16,192,10,20,3,12,full,marg,quiet,20260822,581648384,554.7,47431680,2,47431680,247040,494080,2918400,145954560,376641280,2432000,19.50315789473684,1523.38
J/N16_J192_K10_A20_D12_full_s20260822,J,J_192,16,192,10,20,3,12,full,primitives,quiet,20260822,274223104,261.52,47431680,1,47431680,247040,494080,2918400,98522880,329209600,2432000,19.50315789473684,1523.38
J/N16_J24_K10_A20_D12_full_s20260822,J,J_24,16,24,10,20,3,12,full,build,quiet,20260822,117878784,112.42,768000,1,768000,32000,64000,337920,1969920,232656640,281600,2.727272727272727,1523.38
J/N16_J24_K10_A20_D12_full_s20260822,J,J_24,16,24,10,20,3,12,full,cond,quiet,20260822,126803968,120.93,768000,2,768000,32000,64000,337920,2737920,233424640,281600,2.727272727272727,1523.38
J/N16_J24_K10_A20_D12_full_s20260822,J,J_24,16,24,10,20,3,12,full,marg,quiet,20260822,125358080,119.55,768000,2,768000,32000,64000,337920,2737920,233424640,281600,2.727272727272727,1523.38
J/N16_J24_K10_A20_D12_full_s20260822,J,J_24,16,24,10,20,3,12,full,primitives,quiet,20260822,117854208,112.39,768000,1,768000,32000,64000,337920,1969920,232656640,281600,2.727272727272727,1523.38
J/N16_J384_K10_A20_D12_full_s20260822,J,J_384,16,384,10,20,3,12,full,build,quiet,20260822,458633216,437.39,189235200,1,189235200,492800,985600,5867520,385816320,616503040,4889600,38.70157068062827,1523.38
J/N16_J384_K10_A20_D12_full_s20260822,J,J_384,16,384,10,20,3,12,full,cond,quiet,20260822,1453662208,1386.32,189235200,2,189235200,492800,985600,5867520,575051520,805738240,4889600,38.70157068062827,1523.38
J/N16_J384_K10_A20_D12_full_s20260822,J,J_384,16,384,10,20,3,12,full,marg,quiet,20260822,1468465152,1400.44,189235200,2,189235200,492800,985600,5867520,575051520,805738240,4889600,38.70157068062827,1523.38
J/N16_J384_K10_A20_D12_full_s20260822,J,J_384,16,384,10,20,3,12,full,primitives,quiet,20260822,609681408,581.44,189235200,1,189235200,492800,985600,5867520,385816320,616503040,4889600,38.70157068062827,1523.38
J/N16_J48_K10_A20_D12_full_s20260822,J,J_48,16,48,10,20,3,12,full,build,quiet,20260822,128401408,122.45,3010560,1,3010560,62720,125440,706560,6915840,237602560,588800,5.113043478260869,1523.38
J/N16_J48_K10_A20_D12_full_s20260822,J,J_48,16,48,10,20,3,12,full,cond,quiet,20260822,161652736,154.16,3010560,2,3010560,62720,125440,706560,9926400,240613120,588800,5.113043478260869,1523.38
J/N16_J48_K10_A20_D12_full_s20260822,J,J_48,16,48,10,20,3,12,full,marg,quiet,20260822,165826560,158.14,3010560,2,3010560,62720,125440,706560,9926400,240613120,588800,5.113043478260869,1523.38
J/N16_J48_K10_A20_D12_full_s20260822,J,J_48,16,48,10,20,3,12,full,primitives,quiet,20260822,135835648,129.54,3010560,1,3010560,62720,125440,706560,6915840,237602560,588800,5.113043478260869,1523.38
J/N16_J768_K10_A20_D12_full_s20260822,J,J_768,16,768,10,20,3,12,full,build,quiet,20260822,1047064576,998.56,755957760,1,755957760,984320,1968640,11765760,1526634240,1757320960,9804800,77.10078328981723,1523.38
J/N16_J768_K10_A20_D12_full_s20260822,J,J_768,16,768,10,20,3,12,full,cond,quiet,20260822,3412897792,3254.79,755957760,2,755957760,984320,1968640,11765760,2282592000,2513278720,9804800,77.10078328981723,1523.38
J/N16_J768_K10_A20_D12_full_s20260822,J,J_768,16,768,10,20,3,12,full,marg,quiet,20260822,4374667264,4172.01,755957760,2,755957760,984320,1968640,11765760,2282592000,2513278720,9804800,77.10078328981723,1523.38
J/N16_J768_K10_A20_D12_full_s20260822,J,J_768,16,768,10,20,3,12,full,primitives,quiet,20260822,1793150976,1710.08,755957760,1,755957760,984320,1968640,11765760,1526634240,1757320960,9804800,77.10078328981723,1523.38
J/N16_J96_K10_A20_D12_full_s20260822,J,J_96,16,96,10,20,3,12,full,build,quiet,20260822,156934144,149.66,11919360,1,11919360,124160,248320,1443840,25655040,256341760,1203200,9.906382978723403,1523.38
J/N16_J96_K10_A20_D12_full_s20260822,J,J_96,16,96,10,20,3,12,full,cond,quiet,20260822,244060160,232.75,11919360,2,11919360,124160,248320,1443840,37574400,268261120,1203200,9.906382978723403,1523.38
J/N16_J96_K10_A20_D12_full_s20260822,J,J_96,16,96,10,20,3,12,full,marg,quiet,20260822,248778752,237.25,11919360,2,11919360,124160,248320,1443840,37574400,268261120,1203200,9.906382978723403,1523.38
J/N16_J96_K10_A20_D12_full_s20260822,J,J_96,16,96,10,20,3,12,full,primitives,quiet,20260822,165662720,157.99,11919360,1,11919360,124160,248320,1443840,25655040,256341760,1203200,9.906382978723403,1523.38
K/N32_J128_K10_A20_D12_full_s20260822,K,K_10,32,128,10,20,3,12,full,build,quiet,20260822,243871744,232.57,42270720,1,42270720,330240,660480,3870720,89402880,320089600,3225600,13.104761904761904,1523.38
K/N32_J128_K10_A20_D12_full_s20260822,K,K_10,32,128,10,20,3,12,full,cond,quiet,20260822,488509440,465.88,42270720,2,42270720,330240,660480,3870720,131673600,362360320,3225600,13.104761904761904,1523.38
K/N32_J128_K10_A20_D12_full_s20260822,K,K_10,32,128,10,20,3,12,full,marg,quiet,20260822,572833792,546.3,42270720,2,42270720,330240,660480,3870720,131673600,362360320,3225600,13.104761904761904,1523.38
K/N32_J128_K10_A20_D12_full_s20260822,K,K_10,32,128,10,20,3,12,full,primitives,quiet,20260822,278212608,265.32,42270720,1,42270720,330240,660480,3870720,89402880,320089600,3225600,13.104761904761904,1523.38
K/N32_J128_K20_A20_D12_full_s20260822,K,K_20,32,128,20,20,3,12,full,build,quiet,20260822,306974720,292.75,84541440,1,84541440,660480,1320960,7741440,178805760,409492480,6451200,13.104761904761904,1523.38
K/N32_J128_K20_A20_D12_full_s20260822,K,K_20,32,128,20,20,3,12,full,cond,quiet,20260822,861614080,821.7,84541440,2,84541440,660480,1320960,7741440,263347200,494033920,6451200,13.104761904761904,1523.38
K/N32_J128_K20_A20_D12_full_s20260822,K,K_20,32,128,20,20,3,12,full,marg,quiet,20260822,916463616,874.01,84541440,2,84541440,660480,1320960,7741440,263347200,494033920,6451200,13.104761904761904,1523.38
K/N32_J128_K20_A20_D12_full_s20260822,K,K_20,32,128,20,20,3,12,full,primitives,quiet,20260822,384438272,366.63,84541440,1,84541440,660480,1320960,7741440,178805760,409492480,6451200,13.104761904761904,1523.38
K/N32_J128_K3_A20_D12_full_s20260822,K,K_3,32,128,3,20,3,12,full,build,quiet,20260822,207355904,197.75,12681216,1,12681216,99072,198144,1161216,26820864,257507584,967680,13.104761904761904,1523.38
K/N32_J128_K3_A20_D12_full_s20260822,K,K_3,32,128,3,20,3,12,full,cond,quiet,20260822,284917760,271.72,12681216,2,12681216,99072,198144,1161216,39502080,270188800,967680,13.104761904761904,1523.38
K/N32_J128_K3_A20_D12_full_s20260822,K,K_3,32,128,3,20,3,12,full,marg,quiet,20260822,282066944,269.0,12681216,2,12681216,99072,198144,1161216,39502080,270188800,967680,13.104761904761904,1523.38
K/N32_J128_K3_A20_D12_full_s20260822,K,K_3,32,128,3,20,3,12,full,primitives,quiet,20260822,197107712,187.98,12681216,1,12681216,99072,198144,1161216,26820864,257507584,967680,13.104761904761904,1523.38
K/N32_J128_K40_A20_D12_full_s20260822,K,K_40,32,128,40,20,3,12,full,build,quiet,20260822,428281856,408.44,169082880,1,169082880,1320960,2641920,15482880,357611520,588298240,12902400,13.104761904761904,1523.38
K/N32_J128_K40_A20_D12_full_s20260822,K,K_40,32,128,40,20,3,12,full,cond,quiet,20260822,1452199936,1384.93,169082880,2,169082880,1320960,2641920,15482880,526694400,757381120,12902400,13.104761904761904,1523.38
K/N32_J128_K40_A20_D12_full_s20260822,K,K_40,32,128,40,20,3,12,full,marg,quiet,20260822,1535213568,1464.09,169082880,2,169082880,1320960,2641920,15482880,526694400,757381120,12902400,13.104761904761904,1523.38
K/N32_J128_K40_A20_D12_full_s20260822,K,K_40,32,128,40,20,3,12,full,primitives,quiet,20260822,591360000,563.96,169082880,1,169082880,1320960,2641920,15482880,357611520,588298240,12902400,13.104761904761904,1523.38
K/N32_J128_K5_A20_D12_full_s20260822,K,K_5,32,128,5,20,3,12,full,build,quiet,20260822,218312704,208.2,21135360,1,21135360,165120,330240,1935360,44701440,275388160,1612800,13.104761904761904,1523.38
K/N32_J128_K5_A20_D12_full_s20260822,K,K_5,32,128,5,20,3,12,full,cond,quiet,20260822,354803712,338.37,21135360,2,21135360,165120,330240,1935360,65836800,296523520,1612800,13.104761904761904,1523.38
K/N32_J128_K5_A20_D12_full_s20260822,K,K_5,32,128,5,20,3,12,full,marg,quiet,20260822,342700032,326.82,21135360,2,21135360,165120,330240,1935360,65836800,296523520,1612800,13.104761904761904,1523.38
K/N32_J128_K5_A20_D12_full_s20260822,K,K_5,32,128,5,20,3,12,full,primitives,quiet,20260822,226750464,216.25,21135360,1,21135360,165120,330240,1935360,44701440,275388160,1612800,13.104761904761904,1523.38
K/N32_J128_K80_A20_D12_full_s20260822,K,K_80,32,128,80,20,3,12,full,build,quiet,20260822,659841024,629.27,338165760,1,338165760,2641920,5283840,30965760,715223040,945909760,25804800,13.104761904761904,1523.38
K/N32_J128_K80_A20_D12_full_s20260822,K,K_80,32,128,80,20,3,12,full,cond,quiet,20260822,2485919744,2370.76,338165760,2,338165760,2641920,5283840,30965760,1053388800,1284075520,25804800,13.104761904761904,1523.38
K/N32_J128_K80_A20_D12_full_s20260822,K,K_80,32,128,80,20,3,12,full,marg,quiet,20260822,2438053888,2325.11,338165760,2,338165760,2641920,5283840,30965760,1053388800,1284075520,25804800,13.104761904761904,1523.38
K/N32_J128_K80_A20_D12_full_s20260822,K,K_80,32,128,80,20,3,12,full,primitives,quiet,20260822,987672576,941.92,338165760,1,338165760,2641920,5283840,30965760,715223040,945909760,25804800,13.104761904761904,1523.38
N/N128_J128_K10_A20_D12_full_s20260822,N,N_128,128,128,10,20,3,12,full,build,quiet,20260822,554852352,529.15,169082880,1,169082880,1320960,2641920,15482880,357611520,588298240,12902400,13.104761904761904,1523.38
N/N128_J128_K10_A20_D12_full_s20260822,N,N_128,128,128,10,20,3,12,full,cond,quiet,20260822,1564131328,1491.67,169082880,2,169082880,1320960,2641920,15482880,526694400,757381120,12902400,13.104761904761904,1523.38
N/N128_J128_K10_A20_D12_full_s20260822,N,N_128,128,128,10,20,3,12,full,marg,quiet,20260822,1705287680,1626.29,169082880,2,169082880,1320960,2641920,15482880,526694400,757381120,12902400,13.104761904761904,1523.38
N/N128_J128_K10_A20_D12_full_s20260822,N,N_128,128,128,10,20,3,12,full,primitives,quiet,20260822,692256768,660.19,169082880,1,169082880,1320960,2641920,15482880,357611520,588298240,12902400,13.104761904761904,1523.38
N/N16_J128_K10_A20_D12_full_s20260822,N,N_16,16,128,10,20,3,12,full,build,quiet,20260822,176553984,168.38,21135360,1,21135360,165120,330240,1935360,44701440,275388160,1612800,13.104761904761904,1523.38
N/N16_J128_K10_A20_D12_full_s20260822,N,N_16,16,128,10,20,3,12,full,cond,quiet,20260822,304177152,290.09,21135360,2,21135360,165120,330240,1935360,65836800,296523520,1612800,13.104761904761904,1523.38
N/N16_J128_K10_A20_D12_full_s20260822,N,N_16,16,128,10,20,3,12,full,marg,quiet,20260822,366198784,349.23,21135360,2,21135360,165120,330240,1935360,65836800,296523520,1612800,13.104761904761904,1523.38
N/N16_J128_K10_A20_D12_full_s20260822,N,N_16,16,128,10,20,3,12,full,primitives,quiet,20260822,189145088,180.38,21135360,1,21135360,165120,330240,1935360,44701440,275388160,1612800,13.104761904761904,1523.38
N/N1_J128_K10_A20_D12_full_s20260822,N,N_1,1,128,10,20,3,12,full,build,quiet,20260822,116183040,110.8,1320960,1,1320960,10320,20640,120960,2793840,233480560,100800,13.104761904761904,1523.38
N/N1_J128_K10_A20_D12_full_s20260822,N,N_1,1,128,10,20,3,12,full,cond,quiet,20260822,128020480,122.09,1320960,2,1320960,10320,20640,120960,4114800,234801520,100800,13.104761904761904,1523.38
N/N1_J128_K10_A20_D12_full_s20260822,N,N_1,1,128,10,20,3,12,full,marg,quiet,20260822,125710336,119.89,1320960,2,1320960,10320,20640,120960,4114800,234801520,100800,13.104761904761904,1523.38
N/N1_J128_K10_A20_D12_full_s20260822,N,N_1,1,128,10,20,3,12,full,primitives,quiet,20260822,119250944,113.73,1320960,1,1320960,10320,20640,120960,2793840,233480560,100800,13.104761904761904,1523.38
N/N256_J128_K10_A20_D12_full_s20260822,N,N_256,256,128,10,20,3,12,full,build,quiet,20260822,977051648,931.79,338165760,1,338165760,2641920,5283840,30965760,715223040,945909760,25804800,13.104761904761904,1523.38
N/N256_J128_K10_A20_D12_full_s20260822,N,N_256,256,128,10,20,3,12,full,cond,quiet,20260822,2974388224,2836.6,338165760,2,338165760,2641920,5283840,30965760,1053388800,1284075520,25804800,13.104761904761904,1523.38
N/N256_J128_K10_A20_D12_full_s20260822,N,N_256,256,128,10,20,3,12,full,marg,quiet,20260822,2962481152,2825.24,338165760,2,338165760,2641920,5283840,30965760,1053388800,1284075520,25804800,13.104761904761904,1523.38
N/N256_J128_K10_A20_D12_full_s20260822,N,N_256,256,128,10,20,3,12,full,primitives,quiet,20260822,1355517952,1292.72,338165760,1,338165760,2641920,5283840,30965760,715223040,945909760,25804800,13.104761904761904,1523.38
N/N32_J128_K10_A20_D12_full_s20260822,N,N_32,32,128,10,20,3,12,full,build,quiet,20260822,241319936,230.14,42270720,1,42270720,330240,660480,3870720,89402880,320089600,3225600,13.104761904761904,1523.38
N/N32_J128_K10_A20_D12_full_s20260822,N,N_32,32,128,10,20,3,12,full,cond,quiet,20260822,549367808,523.92,42270720,2,42270720,330240,660480,3870720,131673600,362360320,3225600,13.104761904761904,1523.38
N/N32_J128_K10_A20_D12_full_s20260822,N,N_32,32,128,10,20,3,12,full,marg,quiet,20260822,559128576,533.23,42270720,2,42270720,330240,660480,3870720,131673600,362360320,3225600,13.104761904761904,1523.38
N/N32_J128_K10_A20_D12_full_s20260822,N,N_32,32,128,10,20,3,12,full,primitives,quiet,20260822,280219648,267.24,42270720,1,42270720,330240,660480,3870720,89402880,320089600,3225600,13.104761904761904,1523.38
N/N64_J128_K10_A20_D12_full_s20260822,N,N_64,64,128,10,20,3,12,full,build,quiet,20260822,373698560,356.39,84541440,1,84541440,660480,1320960,7741440,178805760,409492480,6451200,13.104761904761904,1523.38
N/N64_J128_K10_A20_D12_full_s20260822,N,N_64,64,128,10,20,3,12,full,cond,quiet,20260822,867618816,827.43,84541440,2,84541440,660480,1320960,7741440,263347200,494033920,6451200,13.104761904761904,1523.38
N/N64_J128_K10_A20_D12_full_s20260822,N,N_64,64,128,10,20,3,12,full,marg,quiet,20260822,869310464,829.04,84541440,2,84541440,660480,1320960,7741440,263347200,494033920,6451200,13.104761904761904,1523.38
N/N64_J128_K10_A20_D12_full_s20260822,N,N_64,64,128,10,20,3,12,full,primitives,quiet,20260822,441405440,420.96,84541440,1,84541440,660480,1320960,7741440,178805760,409492480,6451200,13.104761904761904,1523.38
N/N8_J128_K10_A20_D12_full_s20260822,N,N_8,8,128,10,20,3,12,full,build,quiet,20260822,142225408,135.64,10567680,1,10567680,82560,165120,967680,22350720,253037440,806400,13.104761904761904,1523.38
N/N8_J128_K10_A20_D12_full_s20260822,N,N_8,8,128,10,20,3,12,full,cond,quiet,20260822,217927680,207.83,10567680,2,10567680,82560,165120,967680,32918400,263605120,806400,13.104761904761904,1523.38
N/N8_J128_K10_A20_D12_full_s20260822,N,N_8,8,128,10,20,3,12,full,marg,quiet,20260822,206602240,197.03,10567680,2,10567680,82560,165120,967680,32918400,263605120,806400,13.104761904761904,1523.38
N/N8_J128_K10_A20_D12_full_s20260822,N,N_8,8,128,10,20,3,12,full,primitives,quiet,20260822,149286912,142.37,10567680,1,10567680,82560,165120,967680,22350720,253037440,806400,13.104761904761904,1523.38
baseline/N100_J48_K3_A5_D12_full_s20260822,baseline,baseline_matched_scale,100,48,3,5,3,12,full,build,quiet,20260822,150904832,143.91,3388800,1,1411200,88800,58800,979200,5926800,236613520,816000,4.152941176470589,1523.38
baseline/N100_J48_K3_A5_D12_full_s20260822,baseline,baseline_matched_scale,100,48,3,5,3,12,full,cond,quiet,20260822,189411328,180.64,3388800,2,1411200,88800,58800,979200,9315600,240002320,816000,4.152941176470589,1523.38
baseline/N100_J48_K3_A5_D12_full_s20260822,baseline,baseline_matched_scale,100,48,3,5,3,12,full,marg,quiet,20260822,196882432,187.76,3388800,2,1411200,88800,58800,979200,9315600,240002320,816000,4.152941176470589,1523.38
baseline/N100_J48_K3_A5_D12_full_s20260822,baseline,baseline_matched_scale,100,48,3,5,3,12,full,primitives,quiet,20260822,144842752,138.13,3388800,1,1411200,88800,58800,979200,5926800,236613520,816000,4.152941176470589,1523.38
target_long/N20_J500_K20_A50_D12_sparse_s20260822,target_long,target_long_J500_N20,20,500,20,50,3,12,sparse,build,quiet,20260822,1290268672,1230.5,801600000,1,801600000,1603200,3206400,19123200,1627132800,1857819520,15936000,50.30120481927711,1523.38
target_long/N20_J500_K20_A50_D12_sparse_s20260822,target_long,target_long_J500_N20,20,500,20,50,3,12,sparse,primitives,quiet,20260822,2070007808,1974.11,801600000,1,801600000,1603200,3206400,19123200,1627132800,1857819520,15936000,50.30120481927711,1523.38
target/N100_J200_K20_A50_D12_sparse_s20260822,target,target_operating_point,100,200,20,50,3,12,sparse,build,quiet,20260822,1634013184,1558.32,643200000,1,643200000,3216000,6432000,38016000,1334064000,1564750720,31680000,20.303030303030305,1523.38
target/N100_J200_K20_A50_D12_sparse_s20260822,target,target_operating_point,100,200,20,50,3,12,sparse,cond,quiet,20260822,3635101696,3466.7,643200000,2,643200000,3216000,6432000,38016000,1977264000,2207950720,31680000,20.303030303030305,1523.38
target/N100_J200_K20_A50_D12_sparse_s20260822,target,target_operating_point,100,200,20,50,3,12,sparse,marg,quiet,20260822,3897446400,3716.89,643200000,2,643200000,3216000,6432000,38016000,1977264000,2207950720,31680000,20.303030303030305,1523.38
target/N100_J200_K20_A50_D12_sparse_s20260822,target,target_operating_point,100,200,20,50,3,12,sparse,primitives,quiet,20260822,2215886848,2113.23,643200000,1,643200000,3216000,6432000,38016000,1334064000,1564750720,31680000,20.303030303030305,1523.38
target/N100_J200_K20_A50_D12_full_s20260822,target,target_operating_point_full_support,100,200,20,50,3,12,full,build,quiet,20260822,1596416000,1522.46,643200000,1,643200000,3216000,6432000,38016000,1334064000,1564750720,31680000,20.303030303030305,1523.38
target/N100_J200_K20_A50_D12_full_s20260822,target,target_operating_point_full_support,100,200,20,50,3,12,full,cond,quiet,20260822,4397514752,4193.8,643200000,2,643200000,3216000,6432000,38016000,1977264000,2207950720,31680000,20.303030303030305,1523.38
target/N100_J200_K20_A50_D12_full_s20260822,target,target_operating_point_full_support,100,200,20,50,3,12,full,marg,quiet,20260822,3874181120,3694.71,643200000,2,643200000,3216000,6432000,38016000,1977264000,2207950720,31680000,20.303030303030305,1523.38
target/N100_J200_K20_A50_D12_full_s20260822,target,target_operating_point_full_support,100,200,20,50,3,12,full,primitives,quiet,20260822,2179547136,2078.58,643200000,1,643200000,3216000,6432000,38016000,1334064000,1564750720,31680000,20.303030303030305,1523.38
